Filename;Annotation tag;Upper left corner X;Upper left corner Y;Lower right corner X;Lower right corner Y;Origin file;Origin frame number;Origin track;Origin track frame number
dayTraining/dayClip12--00000.jpg;go;271;379;283;399;dayTraining/dayClip12/dayClip12Shutter0.000200-Gain-0.mp4;0;dayTraining/dayClip12/dayClip12Shutter0.000200-Gain-0.mp4;0
dayTraining/dayClip12--00000.jpg;go;610;294;625;314;dayTraining/dayClip12/dayClip12Shutter0.000200-Gain-0.mp4;0;dayTraining/dayClip12/dayClip12Shutter0.000200-Gain-0.mp4;0
dayTraining/dayClip12--00000.jpg;go;774;359;792;394;dayTraining/dayClip12/dayClip12Shutter0.000200-Gain-0.mp4;0;dayTraining/dayClip12/dayClip12Shutter0.000200-Gain-0.mp4;0
dayTraining/dayClip12--00001.jpg;go;266;364;284;404;dayTraining/dayClip12/dayClip12Shutter0.000200-Gain-0.mp4;1;dayTraining/dayClip12/dayClip12Shutter0.000200-Gain-0.mp4;1
dayTraining/dayClip12--00001.jpg;go;609;293;627;313;dayTraining/dayClip12/dayClip12Shutter0.000200-Gain-0.mp4;1;dayTraining/dayClip12/dayClip12Shutter0.000200-Gain-0.mp4;1
dayTraining/dayClip12--00001.jpg;go;779;372;791;392;dayTraining/dayClip12/dayClip12Shutter0.000200-Gain-0.mp4;1;dayTraining/dayClip12/dayClip12Shutter0.000200-Gain-0.mp4;1
dayTraining/dayClip12--00002.jpg;go;264;370;279;405;dayTraining/dayClip12/dayClip12Shutter0.000200-Gain-0.mp4;2;dayTraining/dayClip12/dayClip12Shutter0.000200-Gain-0.mp4;2
dayTraining/dayClip12--00002.jpg;go;609;291;627;316;dayTraining/dayClip12/dayClip12Shutter0.000200-Gain-0.mp4;2;dayTraining/dayClip12/dayClip12Shutter0.000200-Gain-0.mp4;2
dayTraining/dayClip12--00002.jpg;go;780;374;792;394;dayTraining/dayClip12/dayClip12Shutter0.000200-Gain-0.mp4;2;dayTraining/dayClip12/dayClip12Shutter0.000200-Gain-0.mp4;2
dayTraining/dayClip12--00003.jpg;go;257;366;278;406;dayTraining/dayClip12/dayClip12Shutter0.000200-Gain-0.mp4;3;dayTraining/dayClip12/dayClip12Shutter0.000200-Gain-0.mp4;3
dayTraining/dayClip12--00003.jpg;go;609;290;627;315;dayTraining/dayClip12/dayClip12Shutter0.000200-Gain-0.mp4;3;dayTraining/dayClip12/dayClip12Shutter0.000200-Gain-0.mp4;3
dayTraining/dayClip12--00003.jpg;go;782;370;794;395;dayTraining/dayClip12/dayClip12Shutter0.000200-Gain-0.mp4;3;dayTraining/dayClip12/dayClip12Shutter0.000200-Gain-0.mp4;3
dayTraining/dayClip12--00004.jpg;go;258;377;270;402;dayTraining/dayClip12/dayClip12Shutter0.000200-Gain-0.mp4;4;dayTraining/dayClip12/dayClip12Shutter0.000200-Gain-0.mp4;4
dayTraining/dayClip12--00004.jpg;go;609;292;627;312;dayTraining/dayClip12/dayClip12Shutter0.000200-Gain-0.mp4;4;dayTraining/dayClip12/dayClip12Shutter0.000200-Gain-0.mp4;4
dayTraining/dayClip12--00004.jpg;go;784;369;796;394;dayTraining/dayClip12/dayClip12Shutter0.000200-Gain-0.mp4;4;dayTraining/dayClip12/dayClip12Shutter0.000200-Gain-0.mp4;4
dayTraining/dayClip12--00005.jpg;go;251;368;269;403;dayTraining/dayClip12/dayClip12Shutter0.000200-Gain-0.mp4;5;dayTraining/dayClip12/dayClip12Shutter0.000200-Gain-0.mp4;5
dayTraining/dayClip12--00005.jpg;go;609;291;627;311;dayTraining/dayClip12/dayClip12Shutter0.000200-Gain-0.mp4;5;dayTraining/dayClip12/dayClip12Shutter0.000200-Gain-0.mp4;5
dayTraining/dayClip12--00005.jpg;go;786;369;798;394;dayTraining/dayClip12/dayClip12Shutter0.000200-Gain-0.mp4;5;dayTraining/dayClip12/dayClip12Shutter0.000200-Gain-0.mp4;5
dayTraining/dayClip12--00006.jpg;go;250;371;262;401;dayTraining/dayClip12/dayClip12Shutter0.000200-Gain-0.mp4;6;dayTraining/dayClip12/dayClip12Shutter0.000200-Gain-0.mp4;6
dayTraining/dayClip12--00006.jpg;go;609;289;627;309;dayTraining/dayClip12/dayClip12Shutter0.000200-Gain-0.mp4;6;dayTraining/dayClip12/dayClip12Shutter0.000200-Gain-0.mp4;6
dayTraining/dayClip12--00006.jpg;go;785;367;800;392;dayTraining/dayClip12/dayClip12Shutter0.000200-Gain-0.mp4;6;dayTraining/dayClip12/dayClip12Shutter0.000200-Gain-0.mp4;6
dayTraining/dayClip12--00007.jpg;go;243;365;261;400;dayTraining/dayClip12/dayClip12Shutter0.000200-Gain-0.mp4;7;dayTraining/dayClip12/dayClip12Shutter0.000200-Gain-0.mp4;7
dayTraining/dayClip12--00007.jpg;go;610;282;625;307;dayTraining/dayClip12/dayClip12Shutter0.000200-Gain-0.mp4;7;dayTraining/dayClip12/dayClip12Shutter0.000200-Gain-0.mp4;7
dayTraining/dayClip12--00007.jpg;go;787;370;802;390;dayTraining/dayClip12/dayClip12Shutter0.000200-Gain-0.mp4;7;dayTraining/dayClip12/dayClip12Shutter0.000200-Gain-0.mp4;7
dayTraining/dayClip12--00008.jpg;go;237;362;258;402;dayTraining/dayClip12/dayClip12Shutter0.000200-Gain-0.mp4;8;dayTraining/dayClip12/dayClip12Shutter0.000200-Gain-0.mp4;8
dayTraining/dayClip12--00008.jpg;go;610;286;625;306;dayTraining/dayClip12/dayClip12Shutter0.000200-Gain-0.mp4;8;dayTraining/dayClip12/dayClip12Shutter0.000200-Gain-0.mp4;8
dayTraining/dayClip12--00008.jpg;go;789;370;804;390;dayTraining/dayClip12/dayClip12Shutter0.000200-Gain-0.mp4;8;dayTraining/dayClip12/dayClip12Shutter0.000200-Gain-0.mp4;8
dayTraining/dayClip12--00009.jpg;go;233;370;254;400;dayTraining/dayClip12/dayClip12Shutter0.000200-Gain-0.mp4;9;dayTraining/dayClip12/dayClip12Shutter0.000200-Gain-0.mp4;9
dayTraining/dayClip12--00009.jpg;go;608;281;626;306;dayTraining/dayClip12/dayClip12Shutter0.000200-Gain-0.mp4;9;dayTraining/dayClip12/dayClip12Shutter0.000200-Gain-0.mp4;9
dayTraining/dayClip12--00009.jpg;go;792;370;804;390;dayTraining/dayClip12/dayClip12Shutter0.000200-Gain-0.mp4;9;dayTraining/dayClip12/dayClip12Shutter0.000200-Gain-0.mp4;9
dayTraining/dayClip12--00010.jpg;go;229;367;247;402;dayTraining/dayClip12/dayClip12Shutter0.000200-Gain-0.mp4;10;dayTraining/dayClip12/dayClip12Shutter0.000200-Gain-0.mp4;10
dayTraining/dayClip12--00010.jpg;go;606;284;627;304;dayTraining/dayClip12/dayClip12Shutter0.000200-Gain-0.mp4;10;dayTraining/dayClip12/dayClip12Shutter0.000200-Gain-0.mp4;10
dayTraining/dayClip12--00010.jpg;go;790;365;808;390;dayTraining/dayClip12/dayClip12Shutter0.000200-Gain-0.mp4;10;dayTraining/dayClip12/dayClip12Shutter0.000200-Gain-0.mp4;10
dayTraining/dayClip12--00011.jpg;go;225;371;243;401;dayTraining/dayClip12/dayClip12Shutter0.000200-Gain-0.mp4;11;dayTraining/dayClip12/dayClip12Shutter0.000200-Gain-0.mp4;11
dayTraining/dayClip12--00011.jpg;go;605;283;626;303;dayTraining/dayClip12/dayClip12Shutter0.000200-Gain-0.mp4;11;dayTraining/dayClip12/dayClip12Shutter0.000200-Gain-0.mp4;11
dayTraining/dayClip12--00011.jpg;go;793;365;808;390;dayTraining/dayClip12/dayClip12Shutter0.000200-Gain-0.mp4;11;dayTraining/dayClip12/dayClip12Shutter0.000200-Gain-0.mp4;11
dayTraining/dayClip12--00012.jpg;go;220;371;238;401;dayTraining/dayClip12/dayClip12Shutter0.000200-Gain-0.mp4;12;dayTraining/dayClip12/dayClip12Shutter0.000200-Gain-0.mp4;12
dayTraining/dayClip12--00012.jpg;go;606;277;624;302;dayTraining/dayClip12/dayClip12Shutter0.000200-Gain-0.mp4;12;dayTraining/dayClip12/dayClip12Shutter0.000200-Gain-0.mp4;12
dayTraining/dayClip12--00012.jpg;go;796;368;808;388;dayTraining/dayClip12/dayClip12Shutter0.000200-Gain-0.mp4;12;dayTraining/dayClip12/dayClip12Shutter0.000200-Gain-0.mp4;12
dayTraining/dayClip12--00013.jpg;go;215;370;233;405;dayTraining/dayClip12/dayClip12Shutter0.000200-Gain-0.mp4;13;dayTraining/dayClip12/dayClip12Shutter0.000200-Gain-0.mp4;13
dayTraining/dayClip12--00013.jpg;go;605;282;623;302;dayTraining/dayClip12/dayClip12Shutter0.000200-Gain-0.mp4;13;dayTraining/dayClip12/dayClip12Shutter0.000200-Gain-0.mp4;13
dayTraining/dayClip12--00013.jpg;go;794;365;812;390;dayTraining/dayClip12/dayClip12Shutter0.000200-Gain-0.mp4;13;dayTraining/dayClip12/dayClip12Shutter0.000200-Gain-0.mp4;13
dayTraining/dayClip12--00014.jpg;go;205;362;232;407;dayTraining/dayClip12/dayClip12Shutter0.000200-Gain-0.mp4;14;dayTraining/dayClip12/dayClip12Shutter0.000200-Gain-0.mp4;14
dayTraining/dayClip12--00014.jpg;go;603;277;624;302;dayTraining/dayClip12/dayClip12Shutter0.000200-Gain-0.mp4;14;dayTraining/dayClip12/dayClip12Shutter0.000200-Gain-0.mp4;14
dayTraining/dayClip12--00014.jpg;go;797;362;812;392;dayTraining/dayClip12/dayClip12Shutter0.000200-Gain-0.mp4;14;dayTraining/dayClip12/dayClip12Shutter0.000200-Gain-0.mp4;14
dayTraining/dayClip12--00015.jpg;go;199;362;226;407;dayTraining/dayClip12/dayClip12Shutter0.000200-Gain-0.mp4;15;dayTraining/dayClip12/dayClip12Shutter0.000200-Gain-0.mp4;15
dayTraining/dayClip12--00015.jpg;go;604;280;622;300;dayTraining/dayClip12/dayClip12Shutter0.000200-Gain-0.mp4;15;dayTraining/dayClip12/dayClip12Shutter0.000200-Gain-0.mp4;15
dayTraining/dayClip12--00015.jpg;go;799;365;814;390;dayTraining/dayClip12/dayClip12Shutter0.000200-Gain-0.mp4;15;dayTraining/dayClip12/dayClip12Shutter0.000200-Gain-0.mp4;15
dayTraining/dayClip12--00016.jpg;go;195;357;222;402;dayTraining/dayClip12/dayClip12Shutter0.000200-Gain-0.mp4;16;dayTraining/dayClip12/dayClip12Shutter0.000200-Gain-0.mp4;16
dayTraining/dayClip12--00016.jpg;go;602;271;623;296;dayTraining/dayClip12/dayClip12Shutter0.000200-Gain-0.mp4;16;dayTraining/dayClip12/dayClip12Shutter0.000200-Gain-0.mp4;16
dayTraining/dayClip12--00016.jpg;go;801;358;816;388;dayTraining/dayClip12/dayClip12Shutter0.000200-Gain-0.mp4;16;dayTraining/dayClip12/dayClip12Shutter0.000200-Gain-0.mp4;16
dayTraining/dayClip12--00017.jpg;go;190;358;214;398;dayTraining/dayClip12/dayClip12Shutter0.000200-Gain-0.mp4;17;dayTraining/dayClip12/dayClip12Shutter0.000200-Gain-0.mp4;17
dayTraining/dayClip12--00017.jpg;go;602;266;623;291;dayTraining/dayClip12/dayClip12Shutter0.000200-Gain-0.mp4;17;dayTraining/dayClip12/dayClip12Shutter0.000200-Gain-0.mp4;17
dayTraining/dayClip12--00017.jpg;go;804;358;816;383;dayTraining/dayClip12/dayClip12Shutter0.000200-Gain-0.mp4;17;dayTraining/dayClip12/dayClip12Shutter0.000200-Gain-0.mp4;17
dayTraining/dayClip12--00018.jpg;go;190;363;205;393;dayTraining/dayClip12/dayClip12Shutter0.000200-Gain-0.mp4;18;dayTraining/dayClip12/dayClip12Shutter0.000200-Gain-0.mp4;18
dayTraining/dayClip12--00018.jpg;go;601;261;622;286;dayTraining/dayClip12/dayClip12Shutter0.000200-Gain-0.mp4;18;dayTraining/dayClip12/dayClip12Shutter0.000200-Gain-0.mp4;18
dayTraining/dayClip12--00018.jpg;go;806;353;818;378;dayTraining/dayClip12/dayClip12Shutter0.000200-Gain-0.mp4;18;dayTraining/dayClip12/dayClip12Shutter0.000200-Gain-0.mp4;18
dayTraining/dayClip12--00019.jpg;go;181;363;202;393;dayTraining/dayClip12/dayClip12Shutter0.000200-Gain-0.mp4;19;dayTraining/dayClip12/dayClip12Shutter0.000200-Gain-0.mp4;19
dayTraining/dayClip12--00019.jpg;go;600;260;621;285;dayTraining/dayClip12/dayClip12Shutter0.000200-Gain-0.mp4;19;dayTraining/dayClip12/dayClip12Shutter0.000200-Gain-0.mp4;19
dayTraining/dayClip12--00019.jpg;go;804;354;822;379;dayTraining/dayClip12/dayClip12Shutter0.000200-Gain-0.mp4;19;dayTraining/dayClip12/dayClip12Shutter0.000200-Gain-0.mp4;19
dayTraining/dayClip12--00020.jpg;go;177;367;195;392;dayTraining/dayClip12/dayClip12Shutter0.000200-Gain-0.mp4;20;dayTraining/dayClip12/dayClip12Shutter0.000200-Gain-0.mp4;20
dayTraining/dayClip12--00020.jpg;go;600;257;621;287;dayTraining/dayClip12/dayClip12Shutter0.000200-Gain-0.mp4;20;dayTraining/dayClip12/dayClip12Shutter0.000200-Gain-0.mp4;20
dayTraining/dayClip12--00020.jpg;go;807;353;822;383;dayTraining/dayClip12/dayClip12Shutter0.000200-Gain-0.mp4;20;dayTraining/dayClip12/dayClip12Shutter0.000200-Gain-0.mp4;20
dayTraining/dayClip12--00021.jpg;go;171;365;189;395;dayTraining/dayClip12/dayClip12Shutter0.000200-Gain-0.mp4;21;dayTraining/dayClip12/dayClip12Shutter0.000200-Gain-0.mp4;21
dayTraining/dayClip12--00021.jpg;go;598;262;622;287;dayTraining/dayClip12/dayClip12Shutter0.000200-Gain-0.mp4;21;dayTraining/dayClip12/dayClip12Shutter0.000200-Gain-0.mp4;21
dayTraining/dayClip12--00021.jpg;go;809;359;824;384;dayTraining/dayClip12/dayClip12Shutter0.000200-Gain-0.mp4;21;dayTraining/dayClip12/dayClip12Shutter0.000200-Gain-0.mp4;21
dayTraining/dayClip12--00022.jpg;go;165;365;183;395;dayTraining/dayClip12/dayClip12Shutter0.000200-Gain-0.mp4;22;dayTraining/dayClip12/dayClip12Shutter0.000200-Gain-0.mp4;22
dayTraining/dayClip12--00022.jpg;go;597;256;621;286;dayTraining/dayClip12/dayClip12Shutter0.000200-Gain-0.mp4;22;dayTraining/dayClip12/dayClip12Shutter0.000200-Gain-0.mp4;22
dayTraining/dayClip12--00022.jpg;go;811;357;826;382;dayTraining/dayClip12/dayClip12Shutter0.000200-Gain-0.mp4;22;dayTraining/dayClip12/dayClip12Shutter0.000200-Gain-0.mp4;22
dayTraining/dayClip12--00023.jpg;go;159;359;177;394;dayTraining/dayClip12/dayClip12Shutter0.000200-Gain-0.mp4;23;dayTraining/dayClip12/dayClip12Shutter0.000200-Gain-0.mp4;23
dayTraining/dayClip12--00023.jpg;go;598;256;619;281;dayTraining/dayClip12/dayClip12Shutter0.000200-Gain-0.mp4;23;dayTraining/dayClip12/dayClip12Shutter0.000200-Gain-0.mp4;23
dayTraining/dayClip12--00023.jpg;go;813;355;828;380;dayTraining/dayClip12/dayClip12Shutter0.000200-Gain-0.mp4;23;dayTraining/dayClip12/dayClip12Shutter0.000200-Gain-0.mp4;23
dayTraining/dayClip12--00024.jpg;go;153;366;171;391;dayTraining/dayClip12/dayClip12Shutter0.000200-Gain-0.mp4;24;dayTraining/dayClip12/dayClip12Shutter0.000200-Gain-0.mp4;24
dayTraining/dayClip12--00024.jpg;go;596;249;620;279;dayTraining/dayClip12/dayClip12Shutter0.000200-Gain-0.mp4;24;dayTraining/dayClip12/dayClip12Shutter0.000200-Gain-0.mp4;24
dayTraining/dayClip12--00024.jpg;go;814;349;832;379;dayTraining/dayClip12/dayClip12Shutter0.000200-Gain-0.mp4;24;dayTraining/dayClip12/dayClip12Shutter0.000200-Gain-0.mp4;24
dayTraining/dayClip12--00025.jpg;go;146;356;164;391;dayTraining/dayClip12/dayClip12Shutter0.000200-Gain-0.mp4;25;dayTraining/dayClip12/dayClip12Shutter0.000200-Gain-0.mp4;25
dayTraining/dayClip12--00025.jpg;go;596;250;617;275;dayTraining/dayClip12/dayClip12Shutter0.000200-Gain-0.mp4;25;dayTraining/dayClip12/dayClip12Shutter0.000200-Gain-0.mp4;25
dayTraining/dayClip12--00025.jpg;go;817;351;832;376;dayTraining/dayClip12/dayClip12Shutter0.000200-Gain-0.mp4;25;dayTraining/dayClip12/dayClip12Shutter0.000200-Gain-0.mp4;25
dayTraining/dayClip12--00026.jpg;go;140;359;158;389;dayTraining/dayClip12/dayClip12Shutter0.000200-Gain-0.mp4;26;dayTraining/dayClip12/dayClip12Shutter0.000200-Gain-0.mp4;26
dayTraining/dayClip12--00026.jpg;go;594;244;618;274;dayTraining/dayClip12/dayClip12Shutter0.000200-Gain-0.mp4;26;dayTraining/dayClip12/dayClip12Shutter0.000200-Gain-0.mp4;26
dayTraining/dayClip12--00026.jpg;go;817;346;835;376;dayTraining/dayClip12/dayClip12Shutter0.000200-Gain-0.mp4;26;dayTraining/dayClip12/dayClip12Shutter0.000200-Gain-0.mp4;26
dayTraining/dayClip12--00027.jpg;go;130;341;154;391;dayTraining/dayClip12/dayClip12Shutter0.000200-Gain-0.mp4;27;dayTraining/dayClip12/dayClip12Shutter0.000200-Gain-0.mp4;27
dayTraining/dayClip12--00027.jpg;go;595;245;616;270;dayTraining/dayClip12/dayClip12Shutter0.000200-Gain-0.mp4;27;dayTraining/dayClip12/dayClip12Shutter0.000200-Gain-0.mp4;27
dayTraining/dayClip12--00027.jpg;go;819;348;837;373;dayTraining/dayClip12/dayClip12Shutter0.000200-Gain-0.mp4;27;dayTraining/dayClip12/dayClip12Shutter0.000200-Gain-0.mp4;27
dayTraining/dayClip12--00028.jpg;go;127;359;145;389;dayTraining/dayClip12/dayClip12Shutter0.000200-Gain-0.mp4;28;dayTraining/dayClip12/dayClip12Shutter0.000200-Gain-0.mp4;28
dayTraining/dayClip12--00028.jpg;go;593;240;617;270;dayTraining/dayClip12/dayClip12Shutter0.000200-Gain-0.mp4;28;dayTraining/dayClip12/dayClip12Shutter0.000200-Gain-0.mp4;28
dayTraining/dayClip12--00028.jpg;go;820;345;841;375;dayTraining/dayClip12/dayClip12Shutter0.000200-Gain-0.mp4;28;dayTraining/dayClip12/dayClip12Shutter0.000200-Gain-0.mp4;28
dayTraining/dayClip12--00029.jpg;go;118;350;139;390;dayTraining/dayClip12/dayClip12Shutter0.000200-Gain-0.mp4;29;dayTraining/dayClip12/dayClip12Shutter0.000200-Gain-0.mp4;29
dayTraining/dayClip12--00029.jpg;go;592;242;616;267;dayTraining/dayClip12/dayClip12Shutter0.000200-Gain-0.mp4;29;dayTraining/dayClip12/dayClip12Shutter0.000200-Gain-0.mp4;29
dayTraining/dayClip12--00029.jpg;go;822;344;843;374;dayTraining/dayClip12/dayClip12Shutter0.000200-Gain-0.mp4;29;dayTraining/dayClip12/dayClip12Shutter0.000200-Gain-0.mp4;29
dayTraining/dayClip12--00030.jpg;go;111;359;132;389;dayTraining/dayClip12/dayClip12Shutter0.000200-Gain-0.mp4;30;dayTraining/dayClip12/dayClip12Shutter0.000200-Gain-0.mp4;30
dayTraining/dayClip12--00030.jpg;go;592;240;616;265;dayTraining/dayClip12/dayClip12Shutter0.000200-Gain-0.mp4;30;dayTraining/dayClip12/dayClip12Shutter0.000200-Gain-0.mp4;30
dayTraining/dayClip12--00030.jpg;go;826;339;844;374;dayTraining/dayClip12/dayClip12Shutter0.000200-Gain-0.mp4;30;dayTraining/dayClip12/dayClip12Shutter0.000200-Gain-0.mp4;30
dayTraining/dayClip12--00031.jpg;go;97;341;133;391;dayTraining/dayClip12/dayClip12Shutter0.000200-Gain-0.mp4;31;dayTraining/dayClip12/dayClip12Shutter0.000200-Gain-0.mp4;31
dayTraining/dayClip12--00031.jpg;go;591;242;615;262;dayTraining/dayClip12/dayClip12Shutter0.000200-Gain-0.mp4;31;dayTraining/dayClip12/dayClip12Shutter0.000200-Gain-0.mp4;31
dayTraining/dayClip12--00031.jpg;go;828;343;846;373;dayTraining/dayClip12/dayClip12Shutter0.000200-Gain-0.mp4;31;dayTraining/dayClip12/dayClip12Shutter0.000200-Gain-0.mp4;31
dayTraining/dayClip12--00032.jpg;go;96;348;117;388;dayTraining/dayClip12/dayClip12Shutter0.000200-Gain-0.mp4;32;dayTraining/dayClip12/dayClip12Shutter0.000200-Gain-0.mp4;32
dayTraining/dayClip12--00032.jpg;go;590;234;614;259;dayTraining/dayClip12/dayClip12Shutter0.000200-Gain-0.mp4;32;dayTraining/dayClip12/dayClip12Shutter0.000200-Gain-0.mp4;32
dayTraining/dayClip12--00032.jpg;go;830;336;848;371;dayTraining/dayClip12/dayClip12Shutter0.000200-Gain-0.mp4;32;dayTraining/dayClip12/dayClip12Shutter0.000200-Gain-0.mp4;32
dayTraining/dayClip12--00033.jpg;go;88;346;109;386;dayTraining/dayClip12/dayClip12Shutter0.000200-Gain-0.mp4;33;dayTraining/dayClip12/dayClip12Shutter0.000200-Gain-0.mp4;33
dayTraining/dayClip12--00033.jpg;go;586;230;616;255;dayTraining/dayClip12/dayClip12Shutter0.000200-Gain-0.mp4;33;dayTraining/dayClip12/dayClip12Shutter0.000200-Gain-0.mp4;33
dayTraining/dayClip12--00033.jpg;go;831;334;852;369;dayTraining/dayClip12/dayClip12Shutter0.000200-Gain-0.mp4;33;dayTraining/dayClip12/dayClip12Shutter0.000200-Gain-0.mp4;33
dayTraining/dayClip12--00034.jpg;go;80;353;101;383;dayTraining/dayClip12/dayClip12Shutter0.000200-Gain-0.mp4;34;dayTraining/dayClip12/dayClip12Shutter0.000200-Gain-0.mp4;34
dayTraining/dayClip12--00034.jpg;go;587;227;614;252;dayTraining/dayClip12/dayClip12Shutter0.000200-Gain-0.mp4;34;dayTraining/dayClip12/dayClip12Shutter0.000200-Gain-0.mp4;34
dayTraining/dayClip12--00034.jpg;go;833;332;854;367;dayTraining/dayClip12/dayClip12Shutter0.000200-Gain-0.mp4;34;dayTraining/dayClip12/dayClip12Shutter0.000200-Gain-0.mp4;34
dayTraining/dayClip12--00035.jpg;go;71;345;95;385;dayTraining/dayClip12/dayClip12Shutter0.000200-Gain-0.mp4;35;dayTraining/dayClip12/dayClip12Shutter0.000200-Gain-0.mp4;35
dayTraining/dayClip12--00035.jpg;go;586;226;613;251;dayTraining/dayClip12/dayClip12Shutter0.000200-Gain-0.mp4;35;dayTraining/dayClip12/dayClip12Shutter0.000200-Gain-0.mp4;35
dayTraining/dayClip12--00035.jpg;go;834;332;858;367;dayTraining/dayClip12/dayClip12Shutter0.000200-Gain-0.mp4;35;dayTraining/dayClip12/dayClip12Shutter0.000200-Gain-0.mp4;35
dayTraining/dayClip12--00036.jpg;go;64;349;85;384;dayTraining/dayClip12/dayClip12Shutter0.000200-Gain-0.mp4;36;dayTraining/dayClip12/dayClip12Shutter0.000200-Gain-0.mp4;36
dayTraining/dayClip12--00036.jpg;go;584;224;614;249;dayTraining/dayClip12/dayClip12Shutter0.000200-Gain-0.mp4;36;dayTraining/dayClip12/dayClip12Shutter0.000200-Gain-0.mp4;36
dayTraining/dayClip12--00036.jpg;go;839;332;860;367;dayTraining/dayClip12/dayClip12Shutter0.000200-Gain-0.mp4;36;dayTraining/dayClip12/dayClip12Shutter0.000200-Gain-0.mp4;36
dayTraining/dayClip12--00037.jpg;go;54;350;78;385;dayTraining/dayClip12/dayClip12Shutter0.000200-Gain-0.mp4;37;dayTraining/dayClip12/dayClip12Shutter0.000200-Gain-0.mp4;37
dayTraining/dayClip12--00037.jpg;go;584;227;611;247;dayTraining/dayClip12/dayClip12Shutter0.000200-Gain-0.mp4;37;dayTraining/dayClip12/dayClip12Shutter0.000200-Gain-0.mp4;37
dayTraining/dayClip12--00037.jpg;go;842;336;860;366;dayTraining/dayClip12/dayClip12Shutter0.000200-Gain-0.mp4;37;dayTraining/dayClip12/dayClip12Shutter0.000200-Gain-0.mp4;37
dayTraining/dayClip12--00038.jpg;go;47;346;68;386;dayTraining/dayClip12/dayClip12Shutter0.000200-Gain-0.mp4;38;dayTraining/dayClip12/dayClip12Shutter0.000200-Gain-0.mp4;38
dayTraining/dayClip12--00038.jpg;go;582;220;612;245;dayTraining/dayClip12/dayClip12Shutter0.000200-Gain-0.mp4;38;dayTraining/dayClip12/dayClip12Shutter0.000200-Gain-0.mp4;38
dayTraining/dayClip12--00038.jpg;go;842;331;866;366;dayTraining/dayClip12/dayClip12Shutter0.000200-Gain-0.mp4;38;dayTraining/dayClip12/dayClip12Shutter0.000200-Gain-0.mp4;38
dayTraining/dayClip12--00039.jpg;go;36;347;60;387;dayTraining/dayClip12/dayClip12Shutter0.000200-Gain-0.mp4;39;dayTraining/dayClip12/dayClip12Shutter0.000200-Gain-0.mp4;39
dayTraining/dayClip12--00039.jpg;go;580;222;610;242;dayTraining/dayClip12/dayClip12Shutter0.000200-Gain-0.mp4;39;dayTraining/dayClip12/dayClip12Shutter0.000200-Gain-0.mp4;39
dayTraining/dayClip12--00039.jpg;go;844;335;868;365;dayTraining/dayClip12/dayClip12Shutter0.000200-Gain-0.mp4;39;dayTraining/dayClip12/dayClip12Shutter0.000200-Gain-0.mp4;39
dayTraining/dayClip12--00040.jpg;go;28;351;52;386;dayTraining/dayClip12/dayClip12Shutter0.000200-Gain-0.mp4;40;dayTraining/dayClip12/dayClip12Shutter0.000200-Gain-0.mp4;40
dayTraining/dayClip12--00040.jpg;go;580;217;610;242;dayTraining/dayClip12/dayClip12Shutter0.000200-Gain-0.mp4;40;dayTraining/dayClip12/dayClip12Shutter0.000200-Gain-0.mp4;40
dayTraining/dayClip12--00040.jpg;go;848;328;872;368;dayTraining/dayClip12/dayClip12Shutter0.000200-Gain-0.mp4;40;dayTraining/dayClip12/dayClip12Shutter0.000200-Gain-0.mp4;40
dayTraining/dayClip12--00041.jpg;go;17;348;44;388;dayTraining/dayClip12/dayClip12Shutter0.000200-Gain-0.mp4;41;dayTraining/dayClip12/dayClip12Shutter0.000200-Gain-0.mp4;41
dayTraining/dayClip12--00041.jpg;go;581;220;608;240;dayTraining/dayClip12/dayClip12Shutter0.000200-Gain-0.mp4;41;dayTraining/dayClip12/dayClip12Shutter0.000200-Gain-0.mp4;41
dayTraining/dayClip12--00041.jpg;go;850;332;874;367;dayTraining/dayClip12/dayClip12Shutter0.000200-Gain-0.mp4;41;dayTraining/dayClip12/dayClip12Shutter0.000200-Gain-0.mp4;41
dayTraining/dayClip12--00042.jpg;go;7;349;34;389;dayTraining/dayClip12/dayClip12Shutter0.000200-Gain-0.mp4;42;dayTraining/dayClip12/dayClip12Shutter0.000200-Gain-0.mp4;42
dayTraining/dayClip12--00042.jpg;go;578;218;608;238;dayTraining/dayClip12/dayClip12Shutter0.000200-Gain-0.mp4;42;dayTraining/dayClip12/dayClip12Shutter0.000200-Gain-0.mp4;42
dayTraining/dayClip12--00042.jpg;go;853;328;877;368;dayTraining/dayClip12/dayClip12Shutter0.000200-Gain-0.mp4;42;dayTraining/dayClip12/dayClip12Shutter0.000200-Gain-0.mp4;42
dayTraining/dayClip12--00043.jpg;go;856;333;880;368;dayTraining/dayClip12/dayClip12Shutter0.000200-Gain-0.mp4;43;dayTraining/dayClip12/dayClip12Shutter0.000200-Gain-0.mp4;43
dayTraining/dayClip12--00044.jpg;go;857;323;884;368;dayTraining/dayClip12/dayClip12Shutter0.000200-Gain-0.mp4;44;dayTraining/dayClip12/dayClip12Shutter0.000200-Gain-0.mp4;44
dayTraining/dayClip12--00045.jpg;go;863;335;887;365;dayTraining/dayClip12/dayClip12Shutter0.000200-Gain-0.mp4;45;dayTraining/dayClip12/dayClip12Shutter0.000200-Gain-0.mp4;45
dayTraining/dayClip12--00046.jpg;go;866;322;890;362;dayTraining/dayClip12/dayClip12Shutter0.000200-Gain-0.mp4;46;dayTraining/dayClip12/dayClip12Shutter0.000200-Gain-0.mp4;46
dayTraining/dayClip12--00047.jpg;go;870;325;894;355;dayTraining/dayClip12/dayClip12Shutter0.000200-Gain-0.mp4;47;dayTraining/dayClip12/dayClip12Shutter0.000200-Gain-0.mp4;47
dayTraining/dayClip12--00048.jpg;go;872;313;899;353;dayTraining/dayClip12/dayClip12Shutter0.000200-Gain-0.mp4;48;dayTraining/dayClip12/dayClip12Shutter0.000200-Gain-0.mp4;48
dayTraining/dayClip12--00049.jpg;go;874;308;904;348;dayTraining/dayClip12/dayClip12Shutter0.000200-Gain-0.mp4;49;dayTraining/dayClip12/dayClip12Shutter0.000200-Gain-0.mp4;49
dayTraining/dayClip12--00050.jpg;go;878;301;908;346;dayTraining/dayClip12/dayClip12Shutter0.000200-Gain-0.mp4;50;dayTraining/dayClip12/dayClip12Shutter0.000200-Gain-0.mp4;50
dayTraining/dayClip12--00051.jpg;go;881;300;911;345;dayTraining/dayClip12/dayClip12Shutter0.000200-Gain-0.mp4;51;dayTraining/dayClip12/dayClip12Shutter0.000200-Gain-0.mp4;51
dayTraining/dayClip12--00052.jpg;go;887;297;914;347;dayTraining/dayClip12/dayClip12Shutter0.000200-Gain-0.mp4;52;dayTraining/dayClip12/dayClip12Shutter0.000200-Gain-0.mp4;52
dayTraining/dayClip12--00053.jpg;go;890;306;917;346;dayTraining/dayClip12/dayClip12Shutter0.000200-Gain-0.mp4;53;dayTraining/dayClip12/dayClip12Shutter0.000200-Gain-0.mp4;53
dayTraining/dayClip12--00054.jpg;go;892;307;922;347;dayTraining/dayClip12/dayClip12Shutter0.000200-Gain-0.mp4;54;dayTraining/dayClip12/dayClip12Shutter0.000200-Gain-0.mp4;54
dayTraining/dayClip12--00055.jpg;go;900;306;924;346;dayTraining/dayClip12/dayClip12Shutter0.000200-Gain-0.mp4;55;dayTraining/dayClip12/dayClip12Shutter0.000200-Gain-0.mp4;55
dayTraining/dayClip12--00056.jpg;go;899;299;932;344;dayTraining/dayClip12/dayClip12Shutter0.000200-Gain-0.mp4;56;dayTraining/dayClip12/dayClip12Shutter0.000200-Gain-0.mp4;56
dayTraining/dayClip12--00057.jpg;go;904;300;934;340;dayTraining/dayClip12/dayClip12Shutter0.000200-Gain-0.mp4;57;dayTraining/dayClip12/dayClip12Shutter0.000200-Gain-0.mp4;57
dayTraining/dayClip12--00058.jpg;go;907;292;940;337;dayTraining/dayClip12/dayClip12Shutter0.000200-Gain-0.mp4;58;dayTraining/dayClip12/dayClip12Shutter0.000200-Gain-0.mp4;58
dayTraining/dayClip12--00059.jpg;go;914;294;944;334;dayTraining/dayClip12/dayClip12Shutter0.000200-Gain-0.mp4;59;dayTraining/dayClip12/dayClip12Shutter0.000200-Gain-0.mp4;59
dayTraining/dayClip12--00060.jpg;go;917;286;950;331;dayTraining/dayClip12/dayClip12Shutter0.000200-Gain-0.mp4;60;dayTraining/dayClip12/dayClip12Shutter0.000200-Gain-0.mp4;60
dayTraining/dayClip12--00061.jpg;go;926;283;953;328;dayTraining/dayClip12/dayClip12Shutter0.000200-Gain-0.mp4;61;dayTraining/dayClip12/dayClip12Shutter0.000200-Gain-0.mp4;61
dayTraining/dayClip12--00062.jpg;go;559;120;598;160;dayTraining/dayClip12/dayClip12Shutter0.000200-Gain-0.mp4;62;dayTraining/dayClip12/dayClip12Shutter0.000200-Gain-0.mp4;62
dayTraining/dayClip12--00062.jpg;go;928;278;961;328;dayTraining/dayClip12/dayClip12Shutter0.000200-Gain-0.mp4;62;dayTraining/dayClip12/dayClip12Shutter0.000200-Gain-0.mp4;62
dayTraining/dayClip12--00063.jpg;go;559;120;598;155;dayTraining/dayClip12/dayClip12Shutter0.000200-Gain-0.mp4;63;dayTraining/dayClip12/dayClip12Shutter0.000200-Gain-0.mp4;63
dayTraining/dayClip12--00063.jpg;go;932;288;968;323;dayTraining/dayClip12/dayClip12Shutter0.000200-Gain-0.mp4;63;dayTraining/dayClip12/dayClip12Shutter0.000200-Gain-0.mp4;63
dayTraining/dayClip12--00064.jpg;go;559;112;598;152;dayTraining/dayClip12/dayClip12Shutter0.000200-Gain-0.mp4;64;dayTraining/dayClip12/dayClip12Shutter0.000200-Gain-0.mp4;64
dayTraining/dayClip12--00064.jpg;go;938;275;974;325;dayTraining/dayClip12/dayClip12Shutter0.000200-Gain-0.mp4;64;dayTraining/dayClip12/dayClip12Shutter0.000200-Gain-0.mp4;64
dayTraining/dayClip12--00065.jpg;go;560;110;599;145;dayTraining/dayClip12/dayClip12Shutter0.000200-Gain-0.mp4;65;dayTraining/dayClip12/dayClip12Shutter0.000200-Gain-0.mp4;65
dayTraining/dayClip12--00065.jpg;go;944;276;980;321;dayTraining/dayClip12/dayClip12Shutter0.000200-Gain-0.mp4;65;dayTraining/dayClip12/dayClip12Shutter0.000200-Gain-0.mp4;65
dayTraining/dayClip12--00066.jpg;go;562;103;598;138;dayTraining/dayClip12/dayClip12Shutter0.000200-Gain-0.mp4;66;dayTraining/dayClip12/dayClip12Shutter0.000200-Gain-0.mp4;66
dayTraining/dayClip12--00066.jpg;go;946;269;988;319;dayTraining/dayClip12/dayClip12Shutter0.000200-Gain-0.mp4;66;dayTraining/dayClip12/dayClip12Shutter0.000200-Gain-0.mp4;66
dayTraining/dayClip12--00067.jpg;go;957;269;990;314;dayTraining/dayClip12/dayClip12Shutter0.000200-Gain-0.mp4;67;dayTraining/dayClip12/dayClip12Shutter0.000200-Gain-0.mp4;67
dayTraining/dayClip12--00068.jpg;go;958;258;1000;313;dayTraining/dayClip12/dayClip12Shutter0.000200-Gain-0.mp4;68;dayTraining/dayClip12/dayClip12Shutter0.000200-Gain-0.mp4;68
dayTraining/dayClip12--00069.jpg;go;967;260;1003;310;dayTraining/dayClip12/dayClip12Shutter0.000200-Gain-0.mp4;69;dayTraining/dayClip12/dayClip12Shutter0.000200-Gain-0.mp4;69
dayTraining/dayClip12--00070.jpg;go;970;252;1012;307;dayTraining/dayClip12/dayClip12Shutter0.000200-Gain-0.mp4;70;dayTraining/dayClip12/dayClip12Shutter0.000200-Gain-0.mp4;70
dayTraining/dayClip12--00071.jpg;go;976;253;1018;303;dayTraining/dayClip12/dayClip12Shutter0.000200-Gain-0.mp4;71;dayTraining/dayClip12/dayClip12Shutter0.000200-Gain-0.mp4;71
dayTraining/dayClip12--00072.jpg;go;983;245;1022;300;dayTraining/dayClip12/dayClip12Shutter0.000200-Gain-0.mp4;72;dayTraining/dayClip12/dayClip12Shutter0.000200-Gain-0.mp4;72
dayTraining/dayClip12--00073.jpg;go;988;249;1030;299;dayTraining/dayClip12/dayClip12Shutter0.000200-Gain-0.mp4;73;dayTraining/dayClip12/dayClip12Shutter0.000200-Gain-0.mp4;73
dayTraining/dayClip12--00074.jpg;go;992;243;1040;298;dayTraining/dayClip12/dayClip12Shutter0.000200-Gain-0.mp4;74;dayTraining/dayClip12/dayClip12Shutter0.000200-Gain-0.mp4;74
dayTraining/dayClip12--00075.jpg;go;1004;242;1040;297;dayTraining/dayClip12/dayClip12Shutter0.000200-Gain-0.mp4;75;dayTraining/dayClip12/dayClip12Shutter0.000200-Gain-0.mp4;75
dayTraining/dayClip12--00076.jpg;go;1004;240;1052;295;dayTraining/dayClip12/dayClip12Shutter0.000200-Gain-0.mp4;76;dayTraining/dayClip12/dayClip12Shutter0.000200-Gain-0.mp4;76
dayTraining/dayClip12--00077.jpg;go;1010;231;1058;296;dayTraining/dayClip12/dayClip12Shutter0.000200-Gain-0.mp4;77;dayTraining/dayClip12/dayClip12Shutter0.000200-Gain-0.mp4;77
dayTraining/dayClip12--00078.jpg;go;546;0;615;93;dayTraining/dayClip12/dayClip12Shutter0.000200-Gain-0.mp4;78;dayTraining/dayClip12/dayClip12Shutter0.000200-Gain-0.mp4;78
dayTraining/dayClip12--00078.jpg;go;1005;203;1074;298;dayTraining/dayClip12/dayClip12Shutter0.000200-Gain-0.mp4;78;dayTraining/dayClip12/dayClip12Shutter0.000200-Gain-0.mp4;78
dayTraining/dayClip12--00079.jpg;go;562;33;601;83;dayTraining/dayClip12/dayClip12Shutter0.000200-Gain-0.mp4;79;dayTraining/dayClip12/dayClip12Shutter0.000200-Gain-0.mp4;79
dayTraining/dayClip12--00079.jpg;go;1018;225;1075;295;dayTraining/dayClip12/dayClip12Shutter0.000200-Gain-0.mp4;79;dayTraining/dayClip12/dayClip12Shutter0.000200-Gain-0.mp4;79
dayTraining/dayClip12--00080.jpg;go;558;20;609;80;dayTraining/dayClip12/dayClip12Shutter0.000200-Gain-0.mp4;80;dayTraining/dayClip12/dayClip12Shutter0.000200-Gain-0.mp4;80
dayTraining/dayClip12--00080.jpg;go;1026;223;1080;293;dayTraining/dayClip12/dayClip12Shutter0.000200-Gain-0.mp4;80;dayTraining/dayClip12/dayClip12Shutter0.000200-Gain-0.mp4;80
dayTraining/dayClip12--00081.jpg;go;560;11;608;76;dayTraining/dayClip12/dayClip12Shutter0.000200-Gain-0.mp4;81;dayTraining/dayClip12/dayClip12Shutter0.000200-Gain-0.mp4;81
dayTraining/dayClip12--00081.jpg;go;1033;225;1087;290;dayTraining/dayClip12/dayClip12Shutter0.000200-Gain-0.mp4;81;dayTraining/dayClip12/dayClip12Shutter0.000200-Gain-0.mp4;81
dayTraining/dayClip12--00082.jpg;go;560;13;614;73;dayTraining/dayClip12/dayClip12Shutter0.000200-Gain-0.mp4;82;dayTraining/dayClip12/dayClip12Shutter0.000200-Gain-0.mp4;82
dayTraining/dayClip12--00082.jpg;go;1044;228;1092;293;dayTraining/dayClip12/dayClip12Shutter0.000200-Gain-0.mp4;82;dayTraining/dayClip12/dayClip12Shutter0.000200-Gain-0.mp4;82
dayTraining/dayClip12--00083.jpg;go;567;15;609;70;dayTraining/dayClip12/dayClip12Shutter0.000200-Gain-0.mp4;83;dayTraining/dayClip12/dayClip12Shutter0.000200-Gain-0.mp4;83
dayTraining/dayClip12--00083.jpg;go;1045;221;1105;296;dayTraining/dayClip12/dayClip12Shutter0.000200-Gain-0.mp4;83;dayTraining/dayClip12/dayClip12Shutter0.000200-Gain-0.mp4;83
dayTraining/dayClip12--00084.jpg;go;567;2;615;72;dayTraining/dayClip12/dayClip12Shutter0.000200-Gain-0.mp4;84;dayTraining/dayClip12/dayClip12Shutter0.000200-Gain-0.mp4;84
dayTraining/dayClip12--00084.jpg;go;1056;231;1110;296;dayTraining/dayClip12/dayClip12Shutter0.000200-Gain-0.mp4;84;dayTraining/dayClip12/dayClip12Shutter0.000200-Gain-0.mp4;84
dayTraining/dayClip12--00085.jpg;go;570;6;615;66;dayTraining/dayClip12/dayClip12Shutter0.000200-Gain-0.mp4;85;dayTraining/dayClip12/dayClip12Shutter0.000200-Gain-0.mp4;85
dayTraining/dayClip12--00085.jpg;go;1062;222;1122;297;dayTraining/dayClip12/dayClip12Shutter0.000200-Gain-0.mp4;85;dayTraining/dayClip12/dayClip12Shutter0.000200-Gain-0.mp4;85
dayTraining/dayClip12--00086.jpg;go;570;0;621;64;dayTraining/dayClip12/dayClip12Shutter0.000200-Gain-0.mp4;86;dayTraining/dayClip12/dayClip12Shutter0.000200-Gain-0.mp4;86
dayTraining/dayClip12--00086.jpg;go;1073;218;1130;293;dayTraining/dayClip12/dayClip12Shutter0.000200-Gain-0.mp4;86;dayTraining/dayClip12/dayClip12Shutter0.000200-Gain-0.mp4;86
dayTraining/dayClip12--00087.jpg;go;578;0;620;55;dayTraining/dayClip12/dayClip12Shutter0.000200-Gain-0.mp4;87;dayTraining/dayClip12/dayClip12Shutter0.000200-Gain-0.mp4;87
dayTraining/dayClip12--00087.jpg;go;1082;217;1142;287;dayTraining/dayClip12/dayClip12Shutter0.000200-Gain-0.mp4;87;dayTraining/dayClip12/dayClip12Shutter0.000200-Gain-0.mp4;87
dayTraining/dayClip12--00088.jpg;go;577;0;631;50;dayTraining/dayClip12/dayClip12Shutter0.000200-Gain-0.mp4;88;dayTraining/dayClip12/dayClip12Shutter0.000200-Gain-0.mp4;88
dayTraining/dayClip12--00088.jpg;go;1094;217;1154;282;dayTraining/dayClip12/dayClip12Shutter0.000200-Gain-0.mp4;88;dayTraining/dayClip12/dayClip12Shutter0.000200-Gain-0.mp4;88
dayTraining/dayClip12--00089.jpg;go;588;0;636;45;dayTraining/dayClip12/dayClip12Shutter0.000200-Gain-0.mp4;89;dayTraining/dayClip12/dayClip12Shutter0.000200-Gain-0.mp4;89
dayTraining/dayClip12--00089.jpg;go;1108;212;1168;282;dayTraining/dayClip12/dayClip12Shutter0.000200-Gain-0.mp4;89;dayTraining/dayClip12/dayClip12Shutter0.000200-Gain-0.mp4;89
dayTraining/dayClip12--00090.jpg;go;592;0;649;44;dayTraining/dayClip12/dayClip12Shutter0.000200-Gain-0.mp4;90;dayTraining/dayClip12/dayClip12Shutter0.000200-Gain-0.mp4;90
dayTraining/dayClip12--00090.jpg;go;1126;219;1183;279;dayTraining/dayClip12/dayClip12Shutter0.000200-Gain-0.mp4;90;dayTraining/dayClip12/dayClip12Shutter0.000200-Gain-0.mp4;90
dayTraining/dayClip12--00091.jpg;go;605;0;656;37;dayTraining/dayClip12/dayClip12Shutter0.000200-Gain-0.mp4;91;dayTraining/dayClip12/dayClip12Shutter0.000200-Gain-0.mp4;91
dayTraining/dayClip12--00091.jpg;go;1140;205;1203;280;dayTraining/dayClip12/dayClip12Shutter0.000200-Gain-0.mp4;91;dayTraining/dayClip12/dayClip12Shutter0.000200-Gain-0.mp4;91
dayTraining/dayClip12--00092.jpg;go;617;0;671;34;dayTraining/dayClip12/dayClip12Shutter0.000200-Gain-0.mp4;92;dayTraining/dayClip12/dayClip12Shutter0.000200-Gain-0.mp4;92
dayTraining/dayClip12--00092.jpg;go;1154;168;1232;283;dayTraining/dayClip12/dayClip12Shutter0.000200-Gain-0.mp4;92;dayTraining/dayClip12/dayClip12Shutter0.000200-Gain-0.mp4;92
dayTraining/dayClip12--00093.jpg;go;612;0;666;30;dayTraining/dayClip12/dayClip12Shutter0.000200-Gain-0.mp4;93;dayTraining/dayClip12/dayClip12Shutter0.000200-Gain-0.mp4;93
dayTraining/dayClip12--00093.jpg;go;1183;187;1249;277;dayTraining/dayClip12/dayClip12Shutter0.000200-Gain-0.mp4;93;dayTraining/dayClip12/dayClip12Shutter0.000200-Gain-0.mp4;93
dayTraining/dayClip12--00094.jpg;go;646;0;706;20;dayTraining/dayClip12/dayClip12Shutter0.000200-Gain-0.mp4;94;dayTraining/dayClip12/dayClip12Shutter0.000200-Gain-0.mp4;94
dayTraining/dayClip12--00094.jpg;go;1200;155;1278;275;dayTraining/dayClip12/dayClip12Shutter0.000200-Gain-0.mp4;94;dayTraining/dayClip12/dayClip12Shutter0.000200-Gain-0.mp4;94
dayTraining/dayClip12--00116.jpg;go;0;208;67;313;dayTraining/dayClip12/dayClip12Shutter0.000200-Gain-0.mp4;116;dayTraining/dayClip12/dayClip12Shutter0.000200-Gain-0.mp4;116
dayTraining/dayClip12--00117.jpg;go;23;182;110;312;dayTraining/dayClip12/dayClip12Shutter0.000200-Gain-0.mp4;117;dayTraining/dayClip12/dayClip12Shutter0.000200-Gain-0.mp4;117
dayTraining/dayClip12--00118.jpg;go;62;157;155;312;dayTraining/dayClip12/dayClip12Shutter0.000200-Gain-0.mp4;118;dayTraining/dayClip12/dayClip12Shutter0.000200-Gain-0.mp4;118
dayTraining/dayClip12--00119.jpg;go;103;159;199;309;dayTraining/dayClip12/dayClip12Shutter0.000200-Gain-0.mp4;119;dayTraining/dayClip12/dayClip12Shutter0.000200-Gain-0.mp4;119
dayTraining/dayClip12--00120.jpg;go;146;151;239;306;dayTraining/dayClip12/dayClip12Shutter0.000200-Gain-0.mp4;120;dayTraining/dayClip12/dayClip12Shutter0.000200-Gain-0.mp4;120
dayTraining/dayClip12--00121.jpg;go;186;154;282;304;dayTraining/dayClip12/dayClip12Shutter0.000200-Gain-0.mp4;121;dayTraining/dayClip12/dayClip12Shutter0.000200-Gain-0.mp4;121
dayTraining/dayClip12--00122.jpg;go;233;155;320;300;dayTraining/dayClip12/dayClip12Shutter0.000200-Gain-0.mp4;122;dayTraining/dayClip12/dayClip12Shutter0.000200-Gain-0.mp4;122
dayTraining/dayClip12--00123.jpg;go;273;145;366;295;dayTraining/dayClip12/dayClip12Shutter0.000200-Gain-0.mp4;123;dayTraining/dayClip12/dayClip12Shutter0.000200-Gain-0.mp4;123
dayTraining/dayClip12--00124.jpg;go;321;139;405;289;dayTraining/dayClip12/dayClip12Shutter0.000200-Gain-0.mp4;124;dayTraining/dayClip12/dayClip12Shutter0.000200-Gain-0.mp4;124
dayTraining/dayClip12--00125.jpg;go;359;135;446;285;dayTraining/dayClip12/dayClip12Shutter0.000200-Gain-0.mp4;125;dayTraining/dayClip12/dayClip12Shutter0.000200-Gain-0.mp4;125
dayTraining/dayClip12--00126.jpg;go;397;144;490;274;dayTraining/dayClip12/dayClip12Shutter0.000200-Gain-0.mp4;126;dayTraining/dayClip12/dayClip12Shutter0.000200-Gain-0.mp4;126
dayTraining/dayClip12--00127.jpg;go;445;116;526;271;dayTraining/dayClip12/dayClip12Shutter0.000200-Gain-0.mp4;127;dayTraining/dayClip12/dayClip12Shutter0.000200-Gain-0.mp4;127
dayTraining/dayClip12--00128.jpg;go;485;122;575;262;dayTraining/dayClip12/dayClip12Shutter0.000200-Gain-0.mp4;128;dayTraining/dayClip12/dayClip12Shutter0.000200-Gain-0.mp4;128
dayTraining/dayClip12--00129.jpg;go;531;114;618;254;dayTraining/dayClip12/dayClip12Shutter0.000200-Gain-0.mp4;129;dayTraining/dayClip12/dayClip12Shutter0.000200-Gain-0.mp4;129
dayTraining/dayClip12--00130.jpg;go;573;103;663;248;dayTraining/dayClip12/dayClip12Shutter0.000200-Gain-0.mp4;130;dayTraining/dayClip12/dayClip12Shutter0.000200-Gain-0.mp4;130
dayTraining/dayClip12--00131.jpg;go;618;93;708;243;dayTraining/dayClip12/dayClip12Shutter0.000200-Gain-0.mp4;131;dayTraining/dayClip12/dayClip12Shutter0.000200-Gain-0.mp4;131
dayTraining/dayClip12--00132.jpg;go;665;65;758;240;dayTraining/dayClip12/dayClip12Shutter0.000200-Gain-0.mp4;132;dayTraining/dayClip12/dayClip12Shutter0.000200-Gain-0.mp4;132
dayTraining/dayClip12--00133.jpg;go;707;65;806;235;dayTraining/dayClip12/dayClip12Shutter0.000200-Gain-0.mp4;133;dayTraining/dayClip12/dayClip12Shutter0.000200-Gain-0.mp4;133
dayTraining/dayClip12--00134.jpg;go;755;57;857;227;dayTraining/dayClip12/dayClip12Shutter0.000200-Gain-0.mp4;134;dayTraining/dayClip12/dayClip12Shutter0.000200-Gain-0.mp4;134
dayTraining/dayClip12--00135.jpg;go;805;42;910;222;dayTraining/dayClip12/dayClip12Shutter0.000200-Gain-0.mp4;135;dayTraining/dayClip12/dayClip12Shutter0.000200-Gain-0.mp4;135
dayTraining/dayClip12--00136.jpg;go;858;30;960;210;dayTraining/dayClip12/dayClip12Shutter0.000200-Gain-0.mp4;136;dayTraining/dayClip12/dayClip12Shutter0.000200-Gain-0.mp4;136
dayTraining/dayClip12--00137.jpg;go;913;10;1018;200;dayTraining/dayClip12/dayClip12Shutter0.000200-Gain-0.mp4;137;dayTraining/dayClip12/dayClip12Shutter0.000200-Gain-0.mp4;137
dayTraining/dayClip12--00138.jpg;go;965;0;1082;194;dayTraining/dayClip12/dayClip12Shutter0.000200-Gain-0.mp4;138;dayTraining/dayClip12/dayClip12Shutter0.000200-Gain-0.mp4;138
dayTraining/dayClip12--00139.jpg;go;1019;0;1148;178;dayTraining/dayClip12/dayClip12Shutter0.000200-Gain-0.mp4;139;dayTraining/dayClip12/dayClip12Shutter0.000200-Gain-0.mp4;139
dayTraining/dayClip12--00140.jpg;go;1076;0;1220;162;dayTraining/dayClip12/dayClip12Shutter0.000200-Gain-0.mp4;140;dayTraining/dayClip12/dayClip12Shutter0.000200-Gain-0.mp4;140
dayTraining/dayClip12--00141.jpg;go;1146;0;1280;146;dayTraining/dayClip12/dayClip12Shutter0.000200-Gain-0.mp4;141;dayTraining/dayClip12/dayClip12Shutter0.000200-Gain-0.mp4;141
